microrregiao,cluster
Apucarana,0
Assaí,0
Astorga,4
Campo Mourão,2
Capanema,2
Cascavel,2
Cerro Azul,0
Cianorte,4
Cornélio Procópio,0
Curitiba,4
Faxinal,0
Floraí,0
Foz do Iguaçu,2
Francisco Beltrão,5
Goioerê,4
Guarapuava,1
Ibaiti,0
Irati,0
Ivaiporã,3
Jacarezinho,0
Jaguariaíva,0
Lapa,0
Londrina,0
Maringá,0
Palmas,4
Paranaguá,4
Paranavaí,1
Pato Branco,3
Pitanga,3
Ponta Grossa,0
Porecatu,0
Prudentópolis,3
Rio Negro,4
São Mateus do Sul,0
Telêmaco Borba,0
Toledo,6
Umuarama,3
União da Vitória,4
Wenceslau Braz,0
